task_id,step_idx,msg_idx,action_name,action_class,args_canonical,content_char_len,reasoning_char_len,reasoning_tokens,completion_tokens,prev_obs_was_error
0,0,2,respond,respond,{"content": "Could you please provide your email or your first name, last name, and zip code so I can verify your identity?"},351,0,704,795,False
0,1,4,find_user_id_by_name_zip,readonly,{"first_name": "Yusuf", "last_name": "Rossi", "zip": "19122"},205,0,64,132,False
0,2,6,respond,respond,{"content": "Could you please provide the order ID of the delivered order you'd like to exchange items from, along with the list of item IDs you'd like to exchange and their corresponding new item IDs? Also, please provide the payment method ID to handle any price difference."},441,0,384,483,False
0,3,8,respond,respond,{"content": "I understand you'd like to exchange the mechanical keyboard and the smart thermostat. For an exchange, I need to know the specific item IDs from your order that you'd like to exchange, the new item IDs you wish to receive, and a payment method ID to handle any price difference. Would you like to review your order details to identify these item IDs, or do you have additional information to provide?"},717,0,832,988,False
0,4,10,get_order_details,readonly,{"order_id": "#W2378156"},208,0,832,891,False
0,5,12,respond,respond,{"content": "To complete the exchange, I need the specific new item IDs for the products you wish to exchange, as well as a payment method ID to handle any price differences. Your order shows your mechanical keyboard (item ID 1151293680) and smart thermostat (item ID 4983901480). Would you like me to help you review available options (for example, showing details for mechanical keyboards with clicky switches and smart thermostats compatible with Google Home) so you can pick the specific new item IDs, or do you have that information available?"},892,0,1152,1353,False
0,6,14,get_product_details,readonly,{"product_id": "1656367028"},294,0,1088,1163,False
0,7,16,get_product_details,readonly,{"product_id": "4896585277"},222,0,640,705,False
0,8,18,respond,respond,{"content": "For the exchange, we'll change your mechanical keyboard (item ID 1151293680) to a clicky one with RGB backlighting (suggested new item ID 2299424241) and your smart thermostat (item ID 4983901480) to one compatible with Google Assistant (suggested new item ID 7747408585). Please confirm these details and provide the payment method ID you'd like to use to handle any price differences."},541,0,896,1034,False
0,9,20,respond,respond,{"content": "A payment method is required to handle any price differences in the exchange. You can either provide a different payment method if you prefer, or I can use your default payment method on file (credit_card_9513926). Please let me know which option you'd like to proceed with."},526,0,768,896,False
0,10,22,exchange_delivered_order_items,mutating,{"item_ids": ["1151293680", "4983901480"], "new_item_ids": ["2299424241", "7747408585"], "order_id": "#W2378156", "payment_method_id": "credit_card_9513926"},322,0,320,423,False
0,11,24,respond,respond,{"content": "Your exchange request has been submitted successfully. You will receive a follow-up email with instructions on how to return the items and details regarding the price difference adjustment. Thank you for using our service!"},520,0,192,303,False
1,0,2,respond,respond,{"content": "Hello! Before we proceed with your exchange request, could you please provide your email address or your full name and zip code to verify your identity?"},295,0,768,839,False
1,1,4,find_user_id_by_name_zip,readonly,{"first_name": "Yusuf", "last_name": "Rossi", "zip": "19122"},198,0,64,131,False
1,2,6,respond,respond,{"content": "Thanks, Yusuf. Could you please provide the following details so that I can proceed with your exchange request? \n\n1. Your order id (it should look like \"#W0000000\"). \n2. The list of item ids from your order that you want to exchange. \n3. The new item ids you would like to exchange for (please make sure each new item id corresponds to the same product type and is in the same order as the original item ids). \n4. The payment method id to handle the price difference (e.g., 'gift_card_0000000' or 'credit_card_0000000'). \n\nAlso, please confirm that you have provided all the items you wish to exchange."},923,0,896,1128,False
1,3,8,respond,respond,{"content": "Thanks for providing your order ID #W2378156. To clarify, you mentioned two items: a mechanical keyboard and a smart thermostat. For the mechanical keyboard, you\u2019re looking for a specific configuration (clicky switches, RGB backlight, full size), and if that\u2019s not available, you\u2019d exchange only the thermostat for one that is compatible with Google Home. Can you please confirm if you want to exchange both items or if you want to proceed only with exchanging the thermostat if the exact keyboard configuration isn\u2019t available? Also, I need the original item IDs for the items you wish to exchange and the new item IDs you would like to exchange them for. Lastly, please check your profile for your available payment method IDs (such as gift_card_XXXXXXXX or credit_card_XXXXXXXX) and provide the one you'd like to use for handling any price difference. Please let me know these details so I can assist further."},1275,0,896,1171,False
1,4,10,get_order_details,readonly,{"order_id": "#W2378156"},197,0,512,574,False
1,5,12,get_product_details,readonly,{"product_id": "4896585277"},238,0,1152,1220,False
1,6,14,get_product_details,readonly,{"product_id": "1656367028"},261,0,1088,1165,False
1,7,16,respond,respond,{"content": "Based on our review:\n\n1. The mechanical keyboard variant meeting your specifications (clicky switches, RGB backlight, full size) is not available.\n\n2. For your smart thermostat (original item id: 4983901480), an available exchange option is item id 7747408585, which offers compatibility with Google Assistant (note: this is slightly different from Google Home) with a black finish.\n\n3. The payment method on record from your order is credit_card_9513926.\n\nWould you like to proceed with exchanging just the thermostat to item id 7747408585 using the payment method credit_card_9513926? Please confirm your choice."},1302,0,1536,1831,False
1,8,18,exchange_delivered_order_items,mutating,{"item_ids": ["4983901480"], "new_item_ids": ["7747408585"], "order_id": "#W2378156", "payment_method_id": "credit_card_9513926"},283,0,128,214,False
1,9,20,respond,respond,{"content": "Your exchange request for the smart thermostat has been successfully processed. The item with ID 4983901480 will be exchanged for item ID 7747408585, and any price difference of -$13.46 will be refunded to your credit card (credit_card_9513926). You will receive an email shortly with details on how to return the original item. Thank you!"},619,0,192,337,False
2,0,2,respond,respond,{"content": "To help you with your inquiry, please provide your email address or your first and last name along with your zip code for verification."},365,0,1344,1432,False
2,1,4,find_user_id_by_name_zip,readonly,{"first_name": "Yusuf", "last_name": "Rossi", "zip": "19122"},210,0,512,583,False
2,2,6,list_all_product_types,readonly,{},171,0,768,822,False
2,3,8,get_product_details,readonly,{"product_id": "9523456873"},215,0,320,384,False
2,4,10,respond,respond,{"content": "There are 10 t-shirt options currently available."},205,0,256,316,False
2,5,12,respond,respond,{"content": "To help with the return, I need to confirm a few details. Please provide the order ID for the delivered order containing the cleaner (please confirm if you mean the Vacuum Cleaner), headphones, and smartwatch, as well as the payment method you\u2019d like the refund to be processed to (either the original payment method or an existing gift card)."},633,0,896,1036,False
2,6,14,respond,respond,{"content": "To process a return, I need the order ID from the delivered order that includes the cleaner, headphones, and smartwatch. Would you like me to retrieve your recent delivered orders so you can identify the correct order ID?"},423,0,896,997,False
2,7,16,get_user_details,readonly,{"user_id": "yusuf_rossi_9620"},175,0,256,314,False
2,8,18,respond,respond,{"content": "Your recent orders are: #W6247578, #W9711842, #W4776164, #W6679257, and #W2378156. Please let me know which one of these is the delivered order containing the cleaner (Vacuum Cleaner), headphones, and smartwatch so I can proceed with the return."},467,0,960,1087,False
2,9,20,respond,respond,{"content": "Just to confirm, you would like to return the following items from order #W6247578: Vacuum Cleaner (for 'cleaner'), Headphones, and Smart Watch. Would you like the refund to be processed to your original payment method (credit_card_9513926), or do you have another preference? Please confirm."},824,0,1088,1284,False
2,10,22,get_order_details,readonly,{"order_id": "#W6247578"},230,0,1344,1414,False
2,11,24,respond,respond,{"content": "It seems that order #W6247578 is still pending and only contains a T-Shirt, not the items (Vacuum Cleaner, Headphones, and Smart Watch) you want to return. Could you please confirm if there is another delivered order that includes these items?"},507,0,192,320,False
2,12,26,get_order_details,readonly,{"order_id": "#W9711842"},229,0,256,328,False
2,13,28,respond,respond,{"content": "It appears that order #W9711842 is cancelled and only contains a sunglasses item, and does not include the cleaner, headphones, and smartwatch. Could you please verify the correct delivered order that contains the items you want to return?"},534,0,256,381,False
2,14,30,get_order_details,readonly,{"order_id": "#W4776164"},202,0,64,127,False
2,15,32,respond,respond,{"content": "Order #W4776164 contains a T-Shirt and an Espresso Machine, and it is still pending. It does not include the vacuum cleaner, headphones, or smartwatch. Could you please verify if there is another delivered order that contains these items?"},495,0,128,248,False
2,16,34,get_order_details,readonly,{"order_id": "#W2378156"},206,0,0,64,False
2,17,36,return_delivered_order_items,mutating,{"item_ids": ["4202497723", "4602305039", "9408160950"], "order_id": "#W2378156", "payment_method_id": "credit_card_9513926"},428,0,576,699,False
2,18,38,respond,respond,{"content": "Your return request for the Vacuum Cleaner, Headphones, and Smart Watch from order #W2378156 has been successfully processed. You will receive an email shortly with further instructions on how to return the items. The refund will be issued to your original payment method (credit card ending in 9513926)."},555,0,64,197,False
2,19,40,respond,respond,{"content": "You're welcome! I'm glad I could help. If you have any more questions or need further assistance, feel free to ask."},235,0,128,196,False
2,20,42,respond,respond,{"content": "You're welcome! Have a great day!"},147,0,64,112,False
3,0,2,respond,respond,{"content": "Hi there! Just to clarify, when you ask about how many t-shirt options we have, are you referring to all the available variants (like different colors, sizes, etc.) for our t-shirt category, or is there a specific detail you\u2019d like to know?"},494,0,1472,1590,False
3,1,4,list_all_product_types,readonly,{},157,0,1280,1329,False
3,2,6,get_product_details,readonly,{"product_id": "9523456873"},218,0,320,386,False
3,3,8,respond,respond,{"content": "There are 10 available t-shirt options right now."},177,0,1280,1335,False
3,4,10,respond,respond,{"content": "Before proceeding with your request, I need to verify your identity. Could you please provide your email address (or your first name, last name, and zip code)?"},386,0,1792,1888,False
3,5,12,respond,respond,{"content": "I understand your concern, but for any changes to your order, I must verify your identity using your email or your first name, last name, and zip code. Please let me know if you\u2019re comfortable providing one of these, or if you\u2019d like to be transferred to a human agent for further assistance."},621,0,512,656,False
3,6,14,transfer_to_human_agents,mutating,{"summary": "User needs to change the color of all small t-shirts to purple but is not willing to share personal details for authentication. Transferring to a human agent for further assistance."},502,0,384,497,False
4,0,2,respond,respond,{"content": "Before I help you, could you please provide your email address or your first name, last name, and zip code to verify your identity?"},324,0,832,916,False
4,1,4,respond,respond,{"content": "I\u2019m sorry, but I can\u2019t proceed without verifying your identity first. Could you please provide your email address or your first name, last name, and zip code?"},351,0,192,277,False
4,2,6,respond,respond,{"content": "I'm sorry, but I need to verify your identity before I can provide product details. Could you please provide your email address or your first name, last name, and zip code?"},348,0,192,277,False
4,3,8,respond,respond,{"content": "I'm sorry, but I can only assist once your identity is verified. This is necessary to ensure your privacy and security. Could you please provide your email address or your first name, last name, and zip code?"},387,0,64,160,False
4,4,10,respond,respond,{"content": "I\u2019m sorry, but I cannot proceed without verifying your identity. This requirement helps ensure your private information and security. If you\u2019re not comfortable providing personal details, I won\u2019t be able to provide the requested product information."},382,0,256,344,False
4,5,12,respond,respond,{"content": "I'm sorry, but I must verify your identity before I can provide the requested information. If you prefer not to share personal details, then unfortunately I won't be able to proceed with your request."},379,0,192,278,False
4,6,14,respond,respond,{"content": "I'm sorry, but our policy mandates that your identity must be verified before I can provide detailed product information. There isn't an alternative way to check options without verifying your identity."},413,0,256,344,False
4,7,16,respond,respond,{"content": "Thank you for understanding. If you ever decide to verify your identity or need any further assistance, please feel free to reach out. Have a great day!"},255,0,128,197,False
4,8,18,respond,respond,{"content": "You're welcome! Take care and don't hesitate to reach out if you need further assistance in the future."},236,0,64,128,False
4,9,20,respond,respond,{"content": "Thanks! Have a wonderful day!"},164,0,64,113,False
4,10,22,respond,respond,{"content": "Thank you! Goodbye and take care!"},140,0,64,109,False
4,11,24,respond,respond,{"content": "Goodbye!"},102,0,0,39,False
5,0,2,respond,respond,{"content": "Hi, I'd be happy to help with your exchange request! Could you please provide your email address, or your first and last name along with your zip code, so I can authenticate your account?"},381,0,832,927,False
5,1,4,find_user_id_by_name_zip,readonly,{"first_name": "Mei", "last_name": "Kovacs", "zip": "28236"},203,0,64,135,False
5,2,6,respond,respond,{"content": "Thank you, Mei. Could you please provide your order id, the list of item ids you want to exchange (and please ensure you've included all items to be exchanged), the corresponding new item ids to exchange for, and the payment method id you want to use for any price difference?"},586,0,320,457,False
5,3,8,respond,respond,{"content": "To proceed with the exchange, we need to confirm the order id and the specific item ids for both the items to be exchanged and the new items. Would you like me to retrieve your recent order details so you can identify the order and items? Please note that for an exchange, the order must have been delivered."},603,0,960,1097,False
5,4,10,get_user_details,readonly,{"user_id": "mei_kovacs_8020"},148,0,128,178,False
5,5,12,respond,respond,{"content": "Great, Mei. Among the orders (#W6390527, #W7800651, #W8065207), could you please indicate which one includes the water bottle and desk lamp you'd like to exchange or which one was delivered? This will help me retrieve the necessary details to proceed with your exchange."},473,0,448,568,False
5,6,14,respond,respond,{"content": "Since you're not sure which order has the water bottle and desk lamp, would you like me to check the details for one of your orders first? For example, should I begin with order #W6390527, or would you prefer a different one?"},438,0,704,814,False
5,7,16,get_order_details,readonly,{"order_id": "#W6390527"},131,0,0,51,False
5,8,18,respond,respond,{"content": "Your order #W6390527 has the Desk Lamp (item id: 8384507844) and the Water Bottle (item id: 8538875209). To proceed with the exchange, could you please provide the new item ids for these products? For example, for the Water Bottle, a new item id for a bigger variant; and for the Desk Lamp, a new item id for a less bright, battery-operated variant. Also, please confirm if you'd like to use your current payment method (paypal_7644869) for any price difference."},698,0,704,881,False
5,9,20,respond,respond,{"content": "I understand that you need some time to find the new item ids. To move forward with the exchange, I'll need the specific new item ids for the items you'd like to exchange\u2014a new item id for a bigger variant of the Water Bottle and one for a less bright, battery-operated variant of the Desk Lamp. Once you have these details, please share them along with your confirmation to proceed."},651,0,640,788,False
5,10,22,respond,respond,{"content": "You've confirmed that you'd like to exchange just the desk lamp for a less bright, battery-operated variant from order #W6390527. To proceed, please provide the new item id for that specific variant. Once you have the new item id, let me know and we can finalize the exchange."},477,0,640,758,False
5,11,24,respond,respond,{"content": "To clarify, you want to return the water bottle (item id: 8538875209) from order #W6390527, and have the refund processed to your current payment method (paypal_7644869). Please type 'yes' to confirm this action."},476,0,640,765,False
5,12,26,return_delivered_order_items,mutating,{"item_ids": ["8538875209"], "order_id": "#W6390527", "payment_method_id": "paypal_7644869"},346,0,64,173,False
5,13,28,respond,respond,{"content": "Your return request for the Water Bottle from order #W6390527 has been successfully processed. You will receive an email with instructions on how to return the item. The refund will be processed to your PayPal account (paypal_7644869). Let me know if you need any further assistance!"},468,0,128,243,False
6,0,2,respond,respond,{"content": "Hi! Before we proceed with exchanging items, could you please provide your email address or your first name, last name, and zip code for verification?"},354,0,1088,1176,False
6,1,4,find_user_id_by_name_zip,readonly,{"first_name": "Mei", "last_name": "Kovacs", "zip": "28236"},189,0,64,131,False
6,2,6,respond,respond,{"content": "Thanks, Mei Kovacs. Could you please provide the order id for the delivered order that you want to exchange items from, the list of item ids you'd like to exchange along with the corresponding new item ids (make sure that each new item matches the same product type for the exchange), and the payment method id to handle the price difference?"},617,0,448,586,False
6,3,8,respond,respond,{"content": "Thanks for the details. To proceed with the exchange, I need the order id for the delivered order that contains the water bottle and the desk lamp. If you're not sure of the order id, would you like me to help you look it up by providing the order details?"},511,0,640,766,False
6,4,10,respond,respond,{"content": "I understand. However, for exchanges we need the order id associated with your delivered order. Would you like me to help you review your recent order history so you can identify the order id for the water bottle and desk lamp exchange?"},465,0,640,752,False
6,5,12,get_user_details,readonly,{"user_id": "mei_kovacs_8020"},179,0,192,252,False
6,6,14,respond,respond,{"content": "I see you have three orders: #W6390527, #W7800651, and #W8065207. Could you please let me know which of these orders included the water bottle and desk lamp? Alternatively, I can fetch details from a specific order to help you identify the correct one."},481,0,320,446,False
6,7,16,get_order_details,readonly,{"order_id": "#W7800651"},136,0,64,116,False
6,8,18,respond,respond,{"content": "Order #W7800651 contains a Gaming Mouse, a Bookshelf, and an Office Chair, and does not include a water bottle or desk lamp. Could you please check if one of your other orders (#W6390527 or #W8065207) might contain the items you wish to exchange, or is there any possibility of a mix-up with the order details?"},573,0,320,474,False
6,9,20,get_order_details,readonly,{"order_id": "#W8065207"},130,0,64,114,False
6,10,22,respond,respond,{"content": "Order #W8065207 includes a Smart Watch, Smartphone, Luggage Set, and Garden Hose, and does not seem to include a water bottle or a desk lamp. Would you like to check the details of order #W6390527, or do you recall any other information about the order that might contain the water bottle and desk lamp?"},574,0,320,471,False
6,11,24,get_order_details,readonly,{"order_id": "#W6390527"},129,0,64,114,False
6,12,26,malformed,other,{},588,0,1024,1169,False
6,13,28,respond,respond,{"content": "To process the exchange for your desk lamp, I need the new item id corresponding to the less bright, battery-operated replacement. Could you please provide that new item id or let me know if you'd like help finding the appropriate product details?"},690,0,1152,1305,False
6,14,30,respond,respond,{"content": "I\u2019m sorry, but I cannot select a replacement item on your behalf. To proceed with the desk lamp exchange, please provide the new item id for the less bright, battery-operated desk lamp you wish to receive. Let me know when you have that information or if you need help with something else."},554,0,384,516,False
6,15,32,respond,respond,{"content": "Absolutely, feel free to come back later with the new item id when you\u2019re ready to proceed with the desk lamp exchange. I'll be here to help!"},284,0,128,207,False
6,16,34,respond,respond,{"content": "You're welcome! Take your time and feel free to reach out when you have the new item id ready. I'll be here to help."},247,0,0,71,False
7,0,2,respond,respond,{"content": "Hi, I need to verify your identity before proceeding with the exchange. Could you please provide your email address or your first name, last name and zip code?"},408,0,1152,1247,False
7,1,4,find_user_id_by_name_zip,readonly,{"first_name": "Mei", "last_name": "Kovacs", "zip": "28236"},209,0,0,74,False
7,2,6,respond,respond,{"content": "Thanks, Mei. Can you please provide the order ID for the delivered order you wish to exchange items from, along with the list of item IDs that you want to exchange and the new item IDs to exchange for? Also, please specify the payment method ID you would like to use for any price difference."},500,0,192,315,False
7,3,8,respond,respond,{"content": "I understand you want to exchange a water bottle for a bigger one and a desk lamp for a less bright one. To proceed with the exchange, could you please provide the delivered order ID along with the specific item IDs that you wish to exchange? If you're not sure, I can help you review your order history to locate the order."},646,0,832,980,False
7,4,10,respond,respond,{"content": "To process an exchange, we need the delivered order ID and specific item IDs for the items you wish to exchange. Would you like me to retrieve and show you your delivered order history so you can find the order that contains the water bottle and desk lamp?"},520,0,1088,1208,False
7,5,12,get_user_details,readonly,{"user_id": "mei_kovacs_8020"},154,0,128,181,False
7,6,14,respond,respond,{"content": "I see you have the following orders in your history: #W6390527, #W7800651, and #W8065207. Could you please let me know which order you'd like to exchange items from, ideally the one that contains the water bottle and desk lamp?\n\nOnce you confirm the order, we will need to know the specific item IDs for the water bottle and desk lamp for the exchange. If you need assistance retrieving item details from the order, let me know."},621,0,320,477,False
7,7,16,get_order_details,readonly,{"order_id": "#W6390527"},205,0,192,257,False
7,8,18,respond,respond,{"content": "I found that order #W6390527 includes a Desk Lamp (item id 8384507844) and a Water Bottle (item id 8538875209). To proceed with the exchange, please provide the new item IDs for the bigger water bottle and the less bright desk lamp, and let me know if you would like to use your existing payment method (paypal_7644869) for handling any price difference. Once confirmed, I can process the exchange. Thank you!"},879,0,1024,1245,False
7,9,20,respond,respond,{"content": "For the exchange, we need to specify the new item IDs for each product.\n\nFor the desk lamp, you mentioned you want a less bright option, and for the water bottle, you\u2019d like a bigger one. I can help by retrieving the available inventory details for these products so you can choose the right items. Would you like me to fetch the available options for the desk lamp (product id 6817146515) and the water bottle (product id 8310926033)?"},873,0,1344,1561,False
7,10,22,get_product_details,readonly,{"product_id": "6817146515"},191,0,256,315,False
7,11,24,get_product_details,readonly,{"product_id": "8310926033"},178,0,128,184,False
7,12,26,malformed,other,{},1707,0,1536,2054,False
7,13,28,respond,respond,{"content": "Please confirm the exchange details:\n\n\u2022 Order: #W6390527\n\u2022 Desk Lamp: Exchange existing item (item id 8384507844) with new item (item id 1569765161 - silver, low brightness, AC adapter)\n\u2022 Water Bottle: Exchange existing item (item id 8538875209) with new item (item id 7661609223 - 1000ml, stainless steel, black)\n\u2022 Payment Method: paypal_7644869 will be used for any price difference.\n\nPlease reply with 'yes' to confirm or 'no' if you want to cancel or make changes."},649,0,320,502,False
7,14,30,exchange_delivered_order_items,mutating,{"item_ids": ["8384507844"], "new_item_ids": ["1569765161"], "order_id": "#W6390527", "payment_method_id": "paypal_7644869"},414,0,448,575,False
7,15,32,respond,respond,{"content": "Your exchange request for the desk lamp has been successfully processed. The existing desk lamp (item id 8384507844) will be exchanged for the new option (item id 1569765161 - silver, low brightness, AC adapter). A price difference of $5.08 will be handled through your existing payment method (paypal_7644869). You'll receive an email with further instructions regarding the exchange. Thank you for your confirmation!"},571,0,128,264,False
8,0,2,respond,respond,{"content": "Could you please provide your email or your first name, last name, and zip code for verification?"},317,0,768,848,False
8,1,4,find_user_id_by_name_zip,readonly,{"first_name": "Mei", "last_name": "Kovacs", "zip": "28236"},179,0,0,65,False
8,2,6,respond,respond,{"content": "Please provide your order id, the list of item ids to be exchanged along with the corresponding new item ids, and the payment method id to handle any price differences. Also confirm that you have provided all items to be exchanged."},407,0,512,609,False
8,3,8,respond,respond,{"content": "To process an exchange, I need the order id for the order containing the water bottle and desk lamp. Would you like me to retrieve your recent order details so you can identify the correct order id?"},378,0,896,991,False
8,4,10,get_user_details,readonly,{"user_id": "mei_kovacs_8020"},195,0,192,253,False
8,5,12,respond,respond,{"content": "Please let me know which order id from your recent orders (#W6390527, #W7800651, or #W8065207) contains the water bottle and desk lamp you want to exchange. Also, kindly provide the item ids of these items from the order, the corresponding new item ids for the bigger water bottle and brighter desk lamp, and the payment method id to handle any price differences. Please confirm that you have provided all items to be exchanged."},618,0,256,404,False
8,6,14,respond,respond,{"content": "To proceed with the exchange for the water bottle and desk lamp, I will need the specific item ids from your order for those items and the corresponding new item ids for the bigger water bottle and brighter desk lamp. I also need to know which payment method id you'd like to use to pay or receive any refund for a price difference. Would you like me to retrieve the order details for #W8065207 to help you identify the item ids?"},771,0,704,882,False
8,7,16,get_order_details,readonly,{"order_id": "#W8065207"},145,0,0,53,False
8,8,18,respond,respond,{"content": "The order #W8065207 does not contain a water bottle or a desk lamp. Please check your orders again or provide another order id that might contain those items."},393,0,192,296,False
8,9,20,get_order_details,readonly,{"order_id": "#W7800651"},139,0,0,51,False
8,10,22,respond,respond,{"content": "The order #W7800651 contains a gaming mouse, bookshelf, and office chair, and does not include a water bottle or a desk lamp. Would you like me to check the details for order #W6390527 to see if it contains the items you're looking to exchange?"},547,0,640,784,False
8,11,24,get_order_details,readonly,{"order_id": "#W6390527"},143,0,64,116,False
8,12,26,respond,respond,{"content": "For the exchange, please provide the new item IDs for the brighter desk lamp and the bigger water bottle. Also, kindly specify the payment method ID you would like to use to settle any price differences. Finally, please confirm that these are all the items you wish to exchange."},419,0,640,740,False
8,13,28,respond,respond,{"content": "To process the exchange of the desk lamp for a brighter one, I will need the new item ID for the brighter desk lamp and the payment method ID to cover any price difference. Could you please provide these details when you have them?"},486,0,768,883,False
8,14,30,respond,respond,{"content": "Understood. You've decided to proceed with exchanging just the desk lamp for a brighter one. Once you have the new item ID for the brighter desk lamp and the payment method ID to handle any price differences, please let me know, and I'll be happy to process your exchange request."},560,0,512,643,False
8,15,32,respond,respond,{"content": "You're welcome! Feel free to get back to me when you have the new item ID and payment method ID for the brighter desk lamp, and I'll be happy to assist with the exchange."},298,0,128,207,False
8,16,34,respond,respond,{"content": "You're welcome! I'll be here if you have any further questions or when you're ready to proceed with the exchange. Have a great day!"},266,0,0,71,False
8,17,36,respond,respond,{"content": "Thank you! Looking forward to assisting you in the future."},217,0,0,59,False
8,18,38,respond,respond,{"content": "Take care! Feel free to reach out whenever you're ready."},190,0,0,55,False
8,19,40,respond,respond,{"content": "You're welcome! Have a great day!"},156,0,0,50,False
8,20,42,respond,respond,{"content": "Goodbye!"},122,0,0,42,False
9,0,2,respond,respond,{"content": "Before I assist with your exchange request, could you please verify your identity by providing your email address or your first and last name along with your zip code?"},380,0,640,730,False
9,1,4,find_user_id_by_name_zip,readonly,{"first_name": "Mei", "last_name": "Kovacs", "zip": "28236"},195,0,0,67,False
9,2,6,respond,respond,{"content": "To assist with your exchange request, could you please provide the following details:\n- Your delivered order id (it should start with '#' followed by numbers).\n- The list of item ids you wish to exchange and the corresponding new item ids (each new item must match the product type of the original item).\n- The payment method id you wish to use for any price adjustments.\n\nPlease also confirm that you have provided all the items to be exchanged."},857,0,640,830,False
9,3,8,respond,respond,{"content": "Your exchange request is for a desk lamp that you'd like exchanged for a brighter one with an AC adapter. Since an exchange can only be performed on a delivered order, we need to identify the correct order (order ID) that contained the desk lamp. Would you like me to look up your recent orders to help locate the appropriate order?"},686,0,1408,1561,False
9,4,10,get_user_details,readonly,{"user_id": "mei_kovacs_8020"},197,0,128,190,False
9,5,12,respond,respond,{"content": "I see that you have three orders: #W6390527, #W7800651, and #W8065207. Could you please let me know which order contained the desk lamp purchase you want to exchange?"},339,0,704,802,False
9,6,14,respond,respond,{"content": "Exchanges can only be processed for delivered orders. To proceed, we need to identify which order that includes the desk lamp is delivered. Would you like me to retrieve the details (including order status and items) for each of your orders so we can determine the eligible one?"},539,0,640,766,False
9,7,16,get_order_details,readonly,{"order_id": "#W6390527"},134,0,320,371,False
9,8,18,respond,respond,{"content": "Your order #W6390527 contains the desk lamp (item id: 8384507844), which you\u2019d like to exchange for a brighter version with an AC adapter. To proceed with the exchange, please provide the following details:\n\n1. The new item id for the brighter desk lamp with an AC adapter (it must be an available option for the same product).\n2. The payment method id to handle any price adjustments (the available option on your account is 'paypal_7644869').\n\nAlso, please confirm that you are providing all the items you wish to exchange."},794,0,1024,1218,False
9,9,20,get_product_details,readonly,{"product_id": "6817146515"},277,0,384,462,False
9,10,22,respond,respond,{"content": "Based on the available options, I suggest exchanging your desk lamp (item id: 8384507844) for the brighter version with an AC adapter (item id: 7624783998), using your PayPal account (paypal_7644869) for any price adjustment. The new price is $154.17 compared to the original $137.94, resulting in an additional charge of $16.23. Please confirm that you want to proceed with this exchange request (yes/no), and that you have provided all the items you wish to exchange."},851,0,832,1054,False
9,11,24,exchange_delivered_order_items,mutating,{"item_ids": ["8384507844"], "new_item_ids": ["7624783998"], "order_id": "#W6390527", "payment_method_id": "paypal_7644869"},318,0,128,222,False
9,12,26,respond,respond,{"content": "Your exchange request for the desk lamp has been successfully processed. You will receive an email shortly with the next steps on how to return the original item and receive the new one. Thank you for shopping with us!"},366,0,0,88,False
9,13,28,respond,respond,{"content": "You're welcome! I'm glad I could help. Have a great day!"},189,0,128,185,False
10,0,2,respond,respond,{"content": "Could you please provide your email address or your first name, last name, and zip code for verification?"},340,0,1024,1108,False
10,1,4,respond,respond,{"content": "The provided user id is not enough for verification. Could you please share your email address or your first name, last name, and zip code?"},315,0,512,594,False
10,2,6,find_user_id_by_email,readonly,{"email": "mia.garcia2723@example.com"},167,0,64,119,False
10,3,8,respond,respond,{"content": "I see you'd like to return orders. Could you please provide the delivered order id, the list of item ids you wish to return, and the payment method id for the refund (either your original payment method or an existing gift card)?"},589,0,704,841,False
10,4,10,respond,respond,{"content": "I understand you'd like to return both of your delivered orders and have the refund credited to a different payment method. To proceed, could you please clarify which specific orders (or item ids within those orders) you want to return? If you're unsure of the order IDs, would you like me to retrieve your order details? Also, please specify the payment method id you'd like the refund to be applied to (note that the refund can only go to your original method or an existing gift card)."},989,0,960,1175,False
10,5,12,transfer_to_human_agents,mutating,{"summary": "Customer is upset and requests a human representative to handle the return process and swap payment methods for refunds."},257,0,64,127,False
11,0,2,respond,respond,{"content": "Before I can help you with your return request, could you please provide your email address or your first name, last name and zip code for authentication?"},285,0,512,584,False
11,1,4,respond,respond,{"content": "I see that you\u2019d like to return your orders. Please note that we can only process returns on orders that have been delivered, and each return request needs to specify the order id and the items you wish to return. Could you please clarify if you want to return items from a specific delivered order? If yes, please provide the order id and the list of item ids to be returned, along with your refund payment method."},626,0,1792,1934,False
11,2,6,respond,respond,{"content": "I understand you'd like to return every item you've ordered, but we can only process returns for delivered orders one order at a time and need the specific order id and item ids for each return request. Could you please check your order history and let me know which delivered order (with order id) you would like to return items from, along with the specific items you want returned?"},659,0,512,654,False
11,3,8,respond,respond,{"content": "I understand this is frustrating. Our return process requires processing one delivered order at a time with specific details. Could you please provide the order id and the list of item ids for the first order you want to return? Also, please confirm the payment method you would like to use for the refund (for example, its id or a short description, such as 'my other gift card'). Once we complete one order, we can proceed with the other."},837,0,960,1145,False
11,4,10,respond,respond,{"content": "I understand you're frustrated, and you want all delivered orders returned to the original payment method. However, I need to process one delivered order at a time. Could you please provide the order id of one delivered order you would like to return, along with the list of item ids from that order? Once we process the first order, we can proceed with the other."},644,0,576,723,False
11,5,12,respond,respond,{"content": "I understand that you want to return all delivered orders to the original payment method. However, we process one delivered order at a time and need the order id along with the list of item ids you wish to return. Could you please provide the order id and the item ids for one delivered order you want to return?"},553,0,384,511,False
11,6,14,respond,respond,{"content": "I understand this is frustrating. However, our system requires that we process returns one delivered order at a time with specific order details (order id and list of item ids). Could you please provide the order id and the item ids for one delivered order that you want to return? I appreciate your cooperation."},489,0,64,176,False
11,7,16,respond,respond,{"content": "I understand you're upset. However, our system requires that returns be processed one delivered order at a time with specific details such as the order id and the list of item ids to be returned. Without these details, I cannot proceed with the return. Please let me know which delivered order (with its specific order id and item ids) you'd like to return, and I'll be happy to help with that on the original payment method."},629,0,384,527,False
11,8,18,transfer_to_human_agents,mutating,{"summary": "The user is upset and insists on processing a return for everything without providing the required specific order ids and item ids. This request doesn't comply with our system rules, so human intervention is needed."},458,0,576,677,False
12,0,2,respond,respond,{"content": "Could you please provide your email address or your first and last name along with your zip code for authentication purposes?"},400,0,768,856,False
12,1,4,find_user_id_by_email,readonly,{"email": "mia.garcia2723@example.com"},159,0,320,375,False
12,2,6,respond,respond,{"content": "Could you please clarify if you're referring to a pending order cancellation or a return of delivered items? Also, please provide the order ID(s) and specify which items (non-gaming gear) you want to cancel or return. This will help me assist you further."},484,0,640,756,False
12,3,8,get_user_details,readonly,{"user_id": "mia_garcia_4516"},219,0,768,834,False
12,4,10,respond,respond,{"content": "I see you have two orders on your account: #W5490111 and #W7387996. Could you please confirm which delivered order you want to process a return for? Also, do you have any details (such as item IDs or descriptions) for the items that are not related to gaming gear? If needed, I can help look up the order details."},512,0,960,1093,False
12,5,12,get_order_details,readonly,{"order_id": "#W5490111"},208,0,640,705,False
12,6,14,get_order_details,readonly,{"order_id": "#W7387996"},212,0,384,450,False
12,7,16,respond,respond,{"content": "Order #W5490111 contains a Water Bottle, Mechanical Keyboard, Action Camera, and Backpack, while order #W7387996 has a Gaming Mouse. Could you please confirm which items are considered gaming gear that you'll keep? In particular, should we consider the Mechanical Keyboard as gaming gear, or do you want to return it along with the other items?"},777,0,768,953,False
12,8,18,respond,respond,{"content": "To confirm, you'd like to return the following items from order #W5490111:\n- Water Bottle (item id: 4579334072)\n- Action Camera (item id: 6117189161)\n- Backpack (item id: 4947717507)\nThe refund will be processed to your original payment method (credit_card_3124723).\n\nPlease reply with 'yes' to confirm or 'no' to cancel."},728,0,704,913,False
12,9,20,return_delivered_order_items,mutating,{"item_ids": ["4579334072", "6117189161", "4947717507"], "order_id": "#W5490111", "payment_method_id": "credit_card_3124723"},347,0,64,171,False
12,10,22,respond,respond,{"content": "Your return request for order #W5490111 has been processed. The following items have been marked for return: Water Bottle, Action Camera, and Backpack. You will receive an email with further instructions on how to return the items, and the refund will be processed on your original payment method (credit_card_3124723). If you have any further questions, feel free to ask."},534,0,128,256,False
12,11,24,respond,respond,{"content": "I'm sorry, but according to our policy, refunds for delivered orders must be processed to the original payment method or an existing gift card. In this case, the refund will be processed to your credit card ending in 7285. If you would like further assistance or wish to discuss this matter further, I can connect you to a human agent. Please let me know how you'd like to proceed."},692,0,704,860,False
12,12,26,transfer_to_human_agents,mutating,{"summary": "User prefers a refund through PayPal instead of the default refund method and is frustrated about the refund issue. They request to speak to a human agent for further assistance regarding this matter."},352,0,256,340,False
13,0,2,respond,respond,{"content": "Hi there! To assist you with your return, could you please provide your email address or your name and zip code for verification?"},331,0,1280,1365,False
13,1,4,respond,respond,{"content": "Thanks Mia Garcia! Could you also please provide your zip code for verification?"},223,0,128,190,False
13,2,6,find_user_id_by_name_zip,readonly,{"first_name": "Mia", "last_name": "Garcia", "zip": "27203"},198,0,128,196,False
13,3,8,respond,respond,{"content": "I couldn't find your account with the provided name and zip code. Could you please provide your email address for verification?"},289,0,256,331,True
13,4,10,find_user_id_by_email,readonly,{"email": "mia.garcia2723@example.com"},156,0,64,116,False
13,5,12,respond,respond,{"content": "Could you please provide the order ID (starting with '#' symbol) for the delivered order you wish to return, the list of item IDs from that order you want to return, and the payment method you would like the refund to go to (either the original payment method or an existing gift card)?"},497,0,256,376,False
13,6,14,respond,respond,{"content": "To process the return, I'll need the delivered order ID and the specific item IDs from that order that you wish to return. Could you please provide these details?"},345,0,1024,1112,False
13,7,16,respond,respond,{"content": "I understand. To process a return, I'll need the order ID and the specific item IDs from that order. Would you like me to retrieve and show you your recent delivered orders so you can identify which one to return items from?"},519,0,960,1084,False
13,8,18,get_user_details,readonly,{"user_id": "mia_garcia_4516"},152,0,128,181,False
13,9,20,respond,respond,{"content": "I see you have two recent orders: #W5490111 and #W7387996. Could you please let me know which one contains the delivered items you wish to return? Also, once you've identified the order, please provide the specific item IDs you want returned."},507,0,576,707,False
13,10,22,malformed,other,{},370,0,384,488,False
13,11,24,get_order_details,readonly,{"order_id": "#W5490111"},133,0,0,50,False
13,12,26,respond,respond,{"content": "From the order details of #W5490111, you have the following items:\n\u2022 Water Bottle (item id: 4579334072)\n\u2022 Mechanical Keyboard (item id: 1421289881)\n\u2022 Action Camera (item id: 6117189161)\n\u2022 Backpack (item id: 4947717507)\n\nPlease let me know which item(s) you wish to return by providing their item IDs."},464,0,512,657,False
13,13,28,respond,respond,{"content": "You've selected to return the Action Camera (item id: 6117189161) and the Backpack (item id: 4947717507) from order #W5490111. Before we proceed, please note that for returns the refund must be processed either to the original payment method or to an existing gift card. Since your original payment method is a credit card (credit_card_3124723, ending in 7285), would you like to have the refund processed to that credit card?"},697,0,1088,1262,False
13,14,30,respond,respond,{"content": "I'm sorry, but for returns the refund must be processed to the original payment method or an existing gift card. In this order, the original payment was made using your credit card (ending in 7285). Would you like to proceed with the refund to that credit card?"},443,0,448,559,False
13,15,32,return_delivered_order_items,mutating,{"item_ids": ["6117189161", "4947717507"], "order_id": "#W5490111", "payment_method_id": "credit_card_3124723"},320,0,192,289,False
13,16,34,respond,respond,{"content": "Your return request for the Action Camera and Backpack from order #W5490111 has been successfully submitted, and it is now in 'return requested' status. You will receive an email shortly with instructions on how to return the items. Thank you!"},391,0,256,352,False
13,17,36,respond,respond,{"content": "You're welcome! If you need any further assistance, feel free to ask."},185,0,64,118,False
13,18,38,respond,respond,{"content": "You're welcome! Have a fantastic day!"},149,0,64,111,False
14,0,2,respond,respond,{"content": "Hi! To help you with returning your items, could you please provide your email address for authentication, or your first name, last name, and zip code if you prefer?"},372,0,448,543,False
14,1,4,find_user_id_by_email,readonly,{"email": "mia.garcia2723@example.com"},166,0,64,119,False
14,2,6,respond,respond,{"content": "Can you please provide the order id (e.g. #W0000000), the list of item ids you wish to return, and the payment method id (must be either the original or an existing gift card) to process the refund?"},431,0,256,372,False
14,3,8,respond,respond,{"content": "I understand that you don\u2019t remember the order ID or item IDs. Unfortunately, to process a return, we need the specific order and items you want to return. Would you like me to look up your order history so you can identify the delivered order and the items you wish to return?"},464,0,704,819,False
14,4,10,get_user_details,readonly,{"user_id": "mia_garcia_4516"},248,0,64,139,False
14,5,12,respond,respond,{"content": "I found two orders in your history: #W5490111 and #W7387996. Could you please check which one has been delivered and let me know which order you'd like to process a return for? If you have any additional details like which items you'd like to return from that order, please include those as well."},521,0,512,640,False
14,6,14,respond,respond,{"content": "To help with processing the return, could you please specify which order (either #W5490111 or #W7387996) contains your gaming purchases? This will allow me to look up the details and proceed with returning all associated items."},502,0,768,890,False
14,7,16,get_order_details,readonly,{"order_id": "#W5490111"},170,0,448,506,False
14,8,18,get_order_details,readonly,{"order_id": "#W7387996"},172,0,384,443,False
14,9,20,respond,respond,{"content": "Order #W7387996 contains your gaming purchase \u2013 a Gaming Mouse (item id 5796612084) paid through paypal_9497703. Would you like to proceed with returning this item? Please reply with 'yes' to confirm."},411,0,576,696,False
14,10,22,return_delivered_order_items,mutating,{"item_ids": ["5796612084"], "order_id": "#W7387996", "payment_method_id": "paypal_9497703"},409,0,448,567,False
14,11,24,respond,respond,{"content": "Your return request for the Gaming Mouse (item id 5796612084) from order #W7387996 has been successfully processed. You'll receive an email shortly with instructions on how to return the item. Please let me know if there's anything else I can assist you with."},515,0,0,121,False
14,12,26,respond,respond,{"content": "You're welcome! I'm glad I could help. If you need any further assistance in the future, please don't hesitate to reach out. Have a great day!"},263,0,64,136,False
15,0,2,respond,respond,{"content": "Hi! To help you with changing the size of your boots, could you please provide your email address or your first name, last name and zip code for identity verification?"},309,0,896,974,False
15,1,4,respond,respond,{"content": "For identity verification using the zip code method, I also need your first and last name. Could you please provide those details?"},323,0,384,468,False
15,2,6,respond,respond,{"content": "I understand your privacy concerns. Unfortunately, to help you with your order changes, I need to verify your identity through either your email or your first and last name along with your zip code. Please let me know which option you're comfortable with."},435,0,384,487,False
15,3,8,respond,respond,{"content": "I'm sorry, but I must verify your identity before I can make any changes to the order. Please provide your email, or your first and last name along with your zip code, so I can assist you further."},384,0,128,221,False
15,4,10,transfer_to_human_agents,mutating,{"summary": "User wants to change the size of boots in their order but is unwilling to provide identity verification via email or name and zip code. User seeks alternative options."},392,0,640,733,False
16,0,2,respond,respond,{"content": "To proceed with cancelling your pending orders and returning the watch, I need to verify your identity. Could you please provide your email address or your first name, last name, and zip code?"},392,0,1024,1120,False
16,1,4,respond,respond,{"content": "I understand your concerns; however, before I can proceed with cancelling orders or handling returns, I must authenticate your identity by verifying your email or providing your first name, last name, and zip code. This is necessary to protect your account and privacy."},453,0,448,548,False
16,2,6,respond,respond,{"content": "I understand your concerns, but for your security, we require identity authentication through your email address or your first name, last name, and zip code. Could you please provide one of these options?"},385,0,64,153,False
16,3,8,respond,respond,{"content": "I'm sorry, but I'm required to verify your identity before providing any details about your orders. Could you please provide either your email address or your first name, last name, and zip code?"},378,0,256,344,False
16,4,10,respond,respond,{"content": "I understand your desire to keep your information private; however, for your security, I must verify your identity by obtaining either your email address or your first name, last name, and zip code before I can retrieve any pending order details. I'm sorry, but this is the only way we can proceed."},521,0,192,309,False
16,5,12,transfer_to_human_agents,mutating,{"summary": "User is not comfortable providing identity verification details, but needs assistance retrieving pending order details and processing a return request."},417,0,640,727,False
17,0,2,respond,respond,{"content": "To update your delivery address for your order, please provide your email address or your first name, last name, and zip code for authentication."},361,0,1024,1112,False
17,1,4,find_user_id_by_name_zip,readonly,{"first_name": "Fatima", "last_name": "Johnson", "zip": "78712"},270,0,0,84,False
17,2,6,respond,respond,{"content": "Please provide the order id and the new shipping address details (address1, address2, city, state, country, and zip code) for your pending order so we can update the delivery address."},493,0,832,955,False
17,3,8,respond,respond,{"content": "Could you please clarify if you want to update the shipping address for a specific pending order (in which case I would need the order id) or if you'd like to update your default shipping address? If it's the default, please provide the complete address details (address1, address2, city, state, country, and zip code)."},615,0,768,909,False
17,4,10,respond,respond,{"content": "I need the specific order id for the pending order to update its shipping address. Would you like me to fetch your pending orders so you can identify the order id?"},401,0,832,932,False
17,5,12,get_user_details,readonly,{"user_id": "fatima_johnson_7581"},240,0,192,267,False
17,6,14,respond,respond,{"content": "Your orders are #W5199551, #W8665881, and #W9389413. Could you please specify which order id you want to update the shipping address for? If you're unsure which one is pending, please let me know and we can check the order details."},440,0,576,693,False
17,7,16,get_order_details,readonly,{"order_id": "#W8665881"},202,0,128,191,False
17,8,18,respond,respond,{"content": "You've requested to update the shipping address for order #W8665881. The new address would be:\n\nAddress1: 123 Elm Street\nAddress2: Suite 641\nCity: Austin\nState: TX\nCountry: USA\nZip: 78712\n\nPlease confirm if this is correct (yes/no)."},548,0,640,797,False
17,9,20,modify_pending_order_address,mutating,{"address1": "123 Elm Street", "address2": "Suite 641", "city": "Austin", "country": "USA", "order_id": "#W8665881", "state": "TX", "zip": "78712"},324,0,64,168,False
17,10,22,respond,respond,{"content": "Your shipping address for order #W8665881 has been updated to Suite 641 at 123 Elm Street, Austin, TX, USA, 78712."},252,0,0,79,False
18,0,2,respond,respond,{"content": "Could you please provide your email address or your first name, last name, and zip code for verification?"},343,0,768,853,False
18,1,4,find_user_id_by_name_zip,readonly,{"first_name": "Mei", "last_name": "Davis", "zip": "80217"},230,0,128,202,False
18,2,6,respond,respond,{"content": "Could you please provide the order id for the office chair purchase, the specific item id for the office chair, and let me know which payment method you'd like to use for the refund (it must either be the original payment method or an existing gift card)?"},514,0,448,571,False
18,3,8,respond,respond,{"content": "To process a return, I need to confirm the order id, the item id for the office chair, and the payment method for the refund (which must be either your original payment method or an existing gift card). Would you like me to retrieve your order details so that you can identify the correct order and item?"},557,0,704,834,False
18,4,10,respond,respond,{"content": "No problem at all. Please take your time to reconsider. If you have any further questions or decide to proceed later, feel free to reach out."},280,0,256,331,False
18,5,12,respond,respond,{"content": "To proceed with an exchange, I need to know the order id and the item id for the office chair. Exchange requests can only be processed for delivered orders. Would you like me to help retrieve your order details so you can identify the correct order and item?"},565,0,896,1026,False
18,6,14,respond,respond,{"content": "To process an exchange, especially for a delivered order, I need the order id and item id. Since you\u2019re not sure which order it is, would you like me to retrieve your order details to help identify the correct order and item?"},476,0,640,753,False
18,7,16,respond,respond,{"content": "Understood. I've noted that you want to cancel the exchange request. If you need any further assistance, please let me know!"},266,0,64,136,False
18,8,18,respond,respond,{"content": "You're welcome! If you have any further questions or need assistance in the future, feel free to reach out."},222,0,0,62,False
19,0,2,respond,respond,{"content": "Could you please provide your email address or your first name, last name, and zip code for account verification?"},352,0,512,597,False
19,1,4,find_user_id_by_name_zip,readonly,{"first_name": "Mei", "last_name": "Davis", "zip": "80217"},189,0,64,131,False
19,2,6,respond,respond,{"content": "To help process your return and exchange, could you please provide the order id(s) and the specific item ids for the water bottle, pet bed, and office chair from the delivered orders? Also, for the exchange, please confirm that you want to exchange these items for the cheapest available alternatives and let me know the payment method id you wish to use (e.g., gift_card or credit_card) for any price difference."},685,0,960,1115,False
19,3,8,respond,respond,{"content": "To process returns or exchanges, we need to identify the specific order(s) and item IDs involved. I can help by retrieving your order details from your account so that you can select the correct water bottle, pet bed, and office chair. Would you like me to list your order details?"},593,0,1088,1223,False
19,4,10,get_user_details,readonly,{"user_id": "mei_davis_8935"},150,0,0,52,False
19,5,12,respond,respond,{"content": "I see you have two orders: #W2890441 and #W1267569. Could you please let me know which order contains the water bottle you want to return, and which order contains the pet bed and office chair to exchange? This information is needed to proceed with your request."},469,0,1024,1139,False
19,6,14,respond,respond,{"content": "I need more detailed information about which items in your orders you want to return or exchange. Could you please let me know which order contains the water bottle for return and which one has the pet bed and office chair for exchange? If you prefer, I can help retrieve detailed order information so you can identify the correct items."},778,0,1280,1441,False
19,7,16,get_order_details,readonly,{"order_id": "#W2890441"},190,0,384,446,False
19,8,18,get_order_details,readonly,{"order_id": "#W1267569"},172,0,384,442,False
19,9,20,respond,respond,{"content": "To confirm, we will process the following on order #W2890441:\n1. Return the Water Bottle (item_id: 2366567022) with the refund going to your credit card (credit_card_1061405).\n2. Exchange the Pet Bed (item_id: 2751999929) and Office Chair (item_id: 8069050545) for the cheapest available replacement options using the same payment method for any price difference.\n\nDo you confirm this? (yes/no)"},935,0,3136,3390,False
19,10,22,respond,respond,{"content": "It appears that all the items (Water Bottle, Pet Bed, and Office Chair) are in the same delivered order (#W2890441). Our system can only process one type of request (either return or exchange) for a delivered order. Could you please clarify your preference?\n\nOptions:\n1. Exchange all three items (Water Bottle, Pet Bed, and Office Chair) for their cheapest available alternatives.\n2. Exchange only the Pet Bed and Office Chair, leaving the Water Bottle unchanged.\n3. Return only the Water Bottle.\n\nPlease let me know how you'd like to proceed."},1123,0,1664,1924,False
19,11,24,return_delivered_order_items,mutating,{"item_ids": ["2366567022"], "order_id": "#W2890441", "payment_method_id": "credit_card_1061405"},280,0,384,472,False
19,12,26,respond,respond,{"content": "Your return request for the Water Bottle from order #W2890441 has been processed. You will receive an email with further details on how to return the item and when to expect your refund to your credit card ending in 1037."},412,0,128,232,False
19,13,28,respond,respond,{"content": "You're welcome! I'm glad I could help. If you need any further assistance, feel free to ask."},212,0,64,127,False
19,14,30,respond,respond,{"content": "You're welcome! Have a great day!"},159,0,64,112,False
19,15,32,respond,respond,{"content": "Goodbye! Feel free to reach out if you need any assistance in the future."},173,0,0,55,False